index	name	color	x	y	z	networks
1	7Networks_LH_Vis_1	#781184	-33.647	-41.942	-21.283	Vis
2	7Networks_LH_Vis_2	#781185	-30.465	-35.141	-14.832	Vis
3	7Networks_LH_Vis_3	#781186	-34.548	-65.625	-15.514	Vis
4	7Networks_LH_Vis_4	#78127f	-26.215	-54.512	-6.785	Vis
5	7Networks_LH_Vis_5	#781280	-22.869	-74.146	-7.617	Vis
6	7Networks_LH_Vis_6	#781281	-21.378	-85.273	-11.822	Vis
7	7Networks_LH_Vis_7	#781282	-14.604	-37.386	-8.810	Vis
8	7Networks_LH_Vis_8	#781283	-38.132	-85.041	-9.566	Vis
9	7Networks_LH_Vis_9	#781284	-13.036	-63.147	-4.455	Vis
10	7Networks_LH_Vis_10	#781285	-7.450	-76.629	-4.855	Vis
11	7Networks_LH_Vis_11	#781287	-23.916	-96.634	-9.335	Vis
12	7Networks_LH_Vis_12	#781288	-14.426	-51.435	0.242	Vis
13	7Networks_LH_Vis_13	#781289	-43.477	-72.892	4.595	Vis
14	7Networks_LH_Vis_14	#78128a	-9.307	-94.948	-3.521	Vis
15	7Networks_LH_Vis_15	#78128b	-24.743	-93.111	4.702	Vis
16	7Networks_LH_Vis_16	#78128c	-7.477	-79.452	6.065	Vis
17	7Networks_LH_Vis_17	#78128d	-20.802	-66.019	7.125	Vis
18	7Networks_LH_Vis_18	#781386	-37.578	-82.269	13.107	Vis
19	7Networks_LH_Vis_19	#781387	-13.307	-94.989	18.277	Vis
20	7Networks_LH_Vis_20	#781388	-4.196	-87.859	20.137	Vis
21	7Networks_LH_Vis_21	#781389	-13.000	-73.136	21.775	Vis
22	7Networks_LH_Vis_22	#78138a	-27.583	-82.429	20.741	Vis
23	7Networks_LH_Vis_23	#78138b	-14.948	-85.470	35.199	Vis
24	7Networks_LH_Vis_24	#78138c	-22.199	-75.982	38.051	Vis
25	7Networks_LH_SomMot_1	#4681af	-46.374	-14.788	1.715	SomMot
26	7Networks_LH_SomMot_2	#4681b0	-51.776	-27.210	8.854	SomMot
27	7Networks_LH_SomMot_3	#4681b1	-37.691	-12.381	15.853	SomMot
28	7Networks_LH_SomMot_4	#4681b2	-34.718	-26.074	16.149	SomMot
29	7Networks_LH_SomMot_5	#4681b3	-50.067	-14.084	15.217	SomMot
30	7Networks_LH_SomMot_6	#4681b4	-53.473	-40.369	18.479	SomMot
31	7Networks_LH_SomMot_7	#4682ad	-43.044	-32.963	19.026	SomMot
32	7Networks_LH_SomMot_8	#4682ae	-59.825	-4.998	13.353	SomMot
33	7Networks_LH_SomMot_9	#4682af	-57.234	-19.868	20.170	SomMot
34	7Networks_LH_SomMot_10	#4682b0	-56.098	-8.778	28.526	SomMot
35	7Networks_LH_SomMot_11	#4682b1	-56.904	-22.361	34.716	SomMot
36	7Networks_LH_SomMot_12	#4682b2	-47.979	-10.243	39.843	SomMot
37	7Networks_LH_SomMot_13	#4682b3	-48.337	-17.442	42.502	SomMot
38	7Networks_LH_SomMot_14	#4682b5	-9.467	-11.573	43.386	SomMot
39	7Networks_LH_SomMot_15	#4682b6	-38.808	-14.211	47.281	SomMot
40	7Networks_LH_SomMot_16	#4682b7	-46.877	-29.832	53.873	SomMot
41	7Networks_LH_SomMot_17	#4682b8	-41.443	-23.000	51.887	SomMot
42	7Networks_LH_SomMot_18	#4682b9	-5.072	-23.603	49.835	SomMot
43	7Networks_LH_SomMot_19	#4682ba	-34.747	-20.685	60.590	SomMot
44	7Networks_LH_SomMot_20	#4682bb	-5.378	-9.276	59.155	SomMot
45	7Networks_LH_SomMot_21	#4683b4	-29.745	-45.180	60.085	SomMot
46	7Networks_LH_SomMot_22	#4683b5	-31.533	-30.681	59.030	SomMot
47	7Networks_LH_SomMot_23	#4683b6	-26.010	-37.203	63.755	SomMot
48	7Networks_LH_SomMot_24	#4683b7	-21.130	-13.643	64.795	SomMot
49	7Networks_LH_SomMot_25	#4683b8	-10.262	-40.936	65.948	SomMot
50	7Networks_LH_SomMot_26	#4683b9	-4.895	-26.869	67.024	SomMot
51	7Networks_LH_SomMot_27	#4683ba	-18.118	-45.875	68.456	SomMot
52	7Networks_LH_SomMot_28	#4683bb	-16.711	-32.022	66.601	SomMot
53	7Networks_LH_SomMot_29	#4684b4	-15.870	-26.628	66.586	SomMot
54	7Networks_LH_DorsAttn_Post_1	#00760a	-45.126	-49.547	-15.364	DorsAttn
55	7Networks_LH_DorsAttn_Post_2	#00760b	-42.386	-66.433	-6.343	DorsAttn
56	7Networks_LH_DorsAttn_Post_3	#00760c	-52.360	-62.153	1.164	DorsAttn
57	7Networks_LH_DorsAttn_Post_4	#00760d	-44.872	-65.165	14.095	DorsAttn
58	7Networks_LH_DorsAttn_Post_5	#00760f	-26.374	-65.661	36.621	DorsAttn
59	7Networks_LH_DorsAttn_Post_6	#007610	-51.137	-31.786	39.751	DorsAttn
60	7Networks_LH_DorsAttn_Post_7	#007611	-27.898	-56.679	45.027	DorsAttn
61	7Networks_LH_DorsAttn_Post_8	#007612	-37.869	-35.657	42.318	DorsAttn
62	7Networks_LH_DorsAttn_Post_9	#007613	-33.356	-47.847	44.872	DorsAttn
63	7Networks_LH_DorsAttn_Post_10	#007614	-17.633	-66.214	52.909	DorsAttn
64	7Networks_LH_DorsAttn_Post_11	#007615	-27.173	-57.319	57.901	DorsAttn
65	7Networks_LH_DorsAttn_Post_12	#00770e	-14.542	-55.308	62.963	DorsAttn
66	7Networks_LH_DorsAttn_FEF_1	#007616	-26.164	3.647	52.097	DorsAttn
67	7Networks_LH_DorsAttn_FEF_2	#00770f	-31.165	-6.280	49.453	DorsAttn
68	7Networks_LH_DorsAttn_FEF_3	#007710	-20.229	3.830	59.418	DorsAttn
69	7Networks_LH_DorsAttn_PrCv_1	#007711	-46.086	0.234	37.124	DorsAttn
70	7Networks_LH_SalVentAttn_ParOper_1	#c43afb	-57.150	-45.084	29.557	SalVentAttn
71	7Networks_LH_SalVentAttn_ParOper_2	#c43afc	-57.576	-32.372	24.981	SalVentAttn
72	7Networks_LH_SalVentAttn_ParOper_3	#c43afd	-58.346	-38.269	39.895	SalVentAttn
73	7Networks_LH_SalVentAttn_TempOcc_1	#c43afe	-49.364	-52.749	11.835	SalVentAttn
74	7Networks_LH_SalVentAttn_FrOperIns_1	#c43bf8	-38.657	-4.902	-5.500	SalVentAttn
75	7Networks_LH_SalVentAttn_FrOperIns_2	#c43bf9	-30.978	27.545	0.032	SalVentAttn
76	7Networks_LH_SalVentAttn_FrOperIns_3	#c43bfb	-31.980	18.685	9.282	SalVentAttn
77	7Networks_LH_SalVentAttn_FrOperIns_4	#c43bfc	-37.188	0.339	12.044	SalVentAttn
78	7Networks_LH_SalVentAttn_FrOperIns_5	#c43bfd	-44.572	13.045	2.949	SalVentAttn
79	7Networks_LH_SalVentAttn_FrOperIns_6	#c43bfe	-52.778	0.106	7.743	SalVentAttn
80	7Networks_LH_SalVentAttn_FrOperIns_7	#c43bff	-49.482	7.246	20.312	SalVentAttn
81	7Networks_LH_SalVentAttn_PFCl_1	#c134f9	-26.199	43.256	26.092	SalVentAttn
82	7Networks_LH_SalVentAttn_Med_1	#c53afb	-7.313	7.304	40.243	SalVentAttn
83	7Networks_LH_SalVentAttn_Med_2	#c53afc	-13.260	-34.774	43.222	SalVentAttn
84	7Networks_LH_SalVentAttn_Med_3	#c53afd	-7.484	-48.186	57.213	SalVentAttn
85	7Networks_LH_SalVentAttn_Med_4	#c53afe	-12.499	-8.336	69.227	SalVentAttn
86	7Networks_LH_Limbic_OFC_1	#dcf8a5	-22.959	22.218	-20.106	Limbic
87	7Networks_LH_Limbic_OFC_2	#dcf8a6	-10.610	23.210	-20.366	Limbic
88	7Networks_LH_Limbic_OFC_3	#dcf8a7	-9.807	46.290	-21.325	Limbic
89	7Networks_LH_Limbic_TempPole_1	#dcf8a3	-30.701	-5.047	-37.023	Limbic
90	7Networks_LH_Limbic_TempPole_2	#dcf8a4	-51.710	-19.857	-28.746	Limbic
91	7Networks_LH_Limbic_TempPole_3	#dcf8a8	-40.491	-19.963	-24.120	Limbic
92	7Networks_LH_Limbic_TempPole_4	#dcf8a9	-29.674	7.726	-31.732	Limbic
93	7Networks_LH_Limbic_TempPole_5	#dcf8aa	-44.659	10.636	-32.797	Limbic
94	7Networks_LH_Limbic_TempPole_6	#dcf8ab	-20.111	-20.773	-24.118	Limbic
95	7Networks_LH_Limbic_TempPole_7	#dcf8ac	-42.423	3.196	-18.324	Limbic
96	7Networks_LH_Cont_Par_1	#e69423	-50.073	-51.578	42.905	Cont
97	7Networks_LH_Cont_Par_2	#e69424	-33.077	-62.694	43.962	Cont
98	7Networks_LH_Cont_Par_3	#e69425	-40.832	-52.950	43.195	Cont
99	7Networks_LH_Cont_Par_4	#e69426	-44.533	-43.355	44.422	Cont
100	7Networks_LH_Cont_Temp_1	#e69427	-56.856	-51.419	-7.282	Cont
101	7Networks_LH_Cont_OFC_1	#e69521	-31.385	40.171	-12.014	Cont
102	7Networks_LH_Cont_PFCl_1	#e69522	-40.635	46.544	-4.258	Cont
103	7Networks_LH_Cont_PFCl_2	#e69524	-27.508	53.578	7.469	Cont
104	7Networks_LH_Cont_PFCl_3	#e69525	-39.115	38.904	13.020	Cont
105	7Networks_LH_Cont_PFCl_4	#e69526	-42.297	22.276	24.450	Cont
106	7Networks_LH_Cont_PFCl_5	#e69527	-37.520	31.802	33.676	Cont
107	7Networks_LH_Cont_PFCl_6	#e69528	-36.597	10.864	34.267	Cont
108	7Networks_LH_Cont_pCun_1	#e79523	-10.984	-74.341	45.718	Cont
109	7Networks_LH_Cont_pCun_2	#e79524	-7.718	-61.182	53.049	Cont
110	7Networks_LH_Cont_Cing_1	#e79525	-5.046	-28.898	28.293	Cont
111	7Networks_LH_Cont_Cing_2	#e79526	-2.904	-0.686	31.077	Cont
112	7Networks_LH_Cont_PFCmp_1	#e69422	-5.802	25.618	47.060	Cont
113	7Networks_LH_Default_Temp_1	#cd3e4b	-56.413	-11.369	-18.052	Default
114	7Networks_LH_Default_Temp_2	#cd3e4c	-56.991	-36.255	-15.623	Default
115	7Networks_LH_Default_Temp_3	#cd3e4d	-52.899	4.100	-9.671	Default
116	7Networks_LH_Default_Temp_4	#cd3e4e	-55.262	-13.011	-5.598	Default
117	7Networks_LH_Default_Temp_5	#cd3e50	-48.506	-24.942	-6.804	Default
118	7Networks_LH_Default_Temp_6	#cd3e51	-56.979	-38.016	-2.053	Default
119	7Networks_LH_Default_Temp_7	#cd3e52	-58.010	-32.272	3.165	Default
120	7Networks_LH_Default_Temp_8	#cd3e53	-52.919	-45.697	8.987	Default
121	7Networks_LH_Default_Par_1	#cd3e54	-43.475	-59.103	22.633	Default
122	7Networks_LH_Default_Par_2	#cd3e55	-39.581	-77.512	29.927	Default
123	7Networks_LH_Default_Par_3	#cd3e56	-53.764	-53.864	27.664	Default
124	7Networks_LH_Default_Par_4	#cd3f4f	-43.725	-64.016	39.023	Default
125	7Networks_LH_Default_PFC_1	#cd3f47	-32.744	21.345	-12.360	Default
126	7Networks_LH_Default_PFC_2	#cd3f48	-6.086	38.970	-10.692	Default
127	7Networks_LH_Default_PFC_3	#cd3f49	-45.380	33.028	-7.974	Default
128	7Networks_LH_Default_PFC_4	#cd3f4a	-18.919	61.952	-6.837	Default
129	7Networks_LH_Default_PFC_5	#cd3f4b	-6.869	57.514	2.047	Default
130	7Networks_LH_Default_PFC_6	#cd3f4c	-46.189	28.440	3.474	Default
131	7Networks_LH_Default_PFC_7	#cd3f4d	-9.530	43.988	9.224	Default
132	7Networks_LH_Default_PFC_8	#cd3f50	-52.535	20.608	11.007	Default
133	7Networks_LH_Default_PFC_9	#cd3f51	-17.949	59.906	20.545	Default
134	7Networks_LH_Default_PFC_10	#cd3f52	-7.256	27.352	27.297	Default
135	7Networks_LH_Default_PFC_11	#cd3f53	-5.745	47.671	32.121	Default
136	7Networks_LH_Default_PFC_12	#cd3f54	-14.936	44.419	41.934	Default
137	7Networks_LH_Default_PFC_13	#cd3f55	-23.266	30.720	37.652	Default
138	7Networks_LH_Default_PFC_14	#cd404e	-38.744	16.872	47.549	Default
139	7Networks_LH_Default_PFC_15	#cd404f	-39.225	3.235	49.068	Default
140	7Networks_LH_Default_PFC_16	#cd4050	-22.052	18.599	48.815	Default
141	7Networks_LH_Default_PFC_17	#cd4051	-11.726	24.871	58.653	Default
142	7Networks_LH_Default_PFC_18	#cd4052	-6.188	8.269	63.781	Default
143	7Networks_LH_Default_pCunPCC_1	#cd3f4e	-10.542	-52.456	6.047	Default
144	7Networks_LH_Default_pCunPCC_2	#cd3f56	-4.241	-51.000	16.063	Default
145	7Networks_LH_Default_pCunPCC_3	#cd4053	-14.547	-60.292	18.033	Default
146	7Networks_LH_Default_pCunPCC_4	#cd4054	-6.079	-54.808	30.312	Default
147	7Networks_LH_Default_pCunPCC_5	#cd4055	-11.764	-67.474	32.539	Default
148	7Networks_LH_Default_pCunPCC_6	#cd4056	-3.818	-37.839	35.950	Default
149	7Networks_LH_Default_pCunPCC_7	#cd414f	-2.147	-17.794	39.224	Default
150	7Networks_LH_Default_pCunPCC_8	#cd4150	-7.084	-53.933	43.171	Default
151	7Networks_RH_Vis_1	#781185	34.676	-44.027	-19.598	Vis
152	7Networks_RH_Vis_2	#781186	29.654	-28.115	-18.236	Vis
153	7Networks_RH_Vis_3	#781187	26.864	-54.214	-6.823	Vis
154	7Networks_RH_Vis_4	#781280	27.175	-74.133	-10.538	Vis
155	7Networks_RH_Vis_5	#781281	16.340	-35.413	-9.717	Vis
156	7Networks_RH_Vis_6	#781282	44.721	-76.387	-6.309	Vis
157	7Networks_RH_Vis_7	#781283	10.065	-72.382	-2.858	Vis
158	7Networks_RH_Vis_8	#781284	12.778	-55.996	-3.238	Vis
159	7Networks_RH_Vis_9	#781285	8.322	-88.225	-8.456	Vis
160	7Networks_RH_Vis_10	#781286	24.256	-93.362	-7.774	Vis
161	7Networks_RH_Vis_11	#781288	16.319	-44.351	-1.249	Vis
162	7Networks_RH_Vis_12	#781289	45.607	-64.491	5.813	Vis
163	7Networks_RH_Vis_13	#78128a	14.137	-94.107	3.328	Vis
164	7Networks_RH_Vis_14	#78128b	32.342	-86.251	3.935	Vis
165	7Networks_RH_Vis_15	#78128c	11.394	-74.439	8.847	Vis
166	7Networks_RH_Vis_16	#78128d	23.460	-59.954	6.424	Vis
167	7Networks_RH_Vis_17	#78128e	18.844	-96.114	14.160	Vis
168	7Networks_RH_Vis_18	#781387	40.748	-77.559	12.501	Vis
169	7Networks_RH_Vis_19	#781388	9.901	-87.772	22.148	Vis
170	7Networks_RH_Vis_20	#781389	15.234	-73.312	25.256	Vis
171	7Networks_RH_Vis_21	#78138a	27.726	-83.646	21.414	Vis
172	7Networks_RH_Vis_22	#78138b	35.367	-74.304	25.061	Vis
173	7Networks_RH_Vis_23	#78138c	21.035	-79.868	40.891	Vis
174	7Networks_RH_SomMot_1	#4681b1	50.797	-14.424	3.876	SomMot
175	7Networks_RH_SomMot_2	#4681b2	62.740	-21.320	1.389	SomMot
176	7Networks_RH_SomMot_3	#4681b3	34.946	-22.362	12.595	SomMot
177	7Networks_RH_SomMot_4	#4681b4	38.750	-10.534	16.382	SomMot
178	7Networks_RH_SomMot_5	#4681b5	59.628	-28.351	11.506	SomMot
179	7Networks_RH_SomMot_6	#4682ae	57.412	-38.164	13.716	SomMot
180	7Networks_RH_SomMot_7	#4682af	40.597	-29.547	19.619	SomMot
181	7Networks_RH_SomMot_8	#4682b0	59.552	-0.490	11.313	SomMot
182	7Networks_RH_SomMot_9	#4682b1	53.745	-15.809	17.769	SomMot
183	7Networks_RH_SomMot_10	#4682b2	59.122	-6.406	26.438	SomMot
184	7Networks_RH_SomMot_11	#4682b3	56.418	-16.587	37.069	SomMot
185	7Networks_RH_SomMot_12	#4682b4	46.714	-10.570	35.723	SomMot
186	7Networks_RH_SomMot_13	#4682b6	49.265	-15.470	48.818	SomMot
187	7Networks_RH_SomMot_14	#4682b7	41.832	-11.143	46.163	SomMot
188	7Networks_RH_SomMot_15	#4682b8	47.348	-25.810	52.330	SomMot
189	7Networks_RH_SomMot_16	#4682b9	8.390	-12.073	49.275	SomMot
190	7Networks_RH_SomMot_17	#4682ba	37.157	-25.651	54.142	SomMot
191	7Networks_RH_SomMot_18	#4682bb	31.952	-42.477	58.396	SomMot
192	7Networks_RH_SomMot_19	#4682bc	32.549	-34.839	59.048	SomMot
193	7Networks_RH_SomMot_20	#4683b5	35.495	-19.468	59.890	SomMot
194	7Networks_RH_SomMot_21	#4683b6	11.348	-40.551	64.937	SomMot
195	7Networks_RH_SomMot_22	#4683b7	5.119	-25.112	65.726	SomMot
196	7Networks_RH_SomMot_23	#4683b8	22.603	-30.170	63.261	SomMot
197	7Networks_RH_SomMot_24	#4683b9	22.727	-35.736	67.229	SomMot
198	7Networks_RH_SomMot_25	#4683ba	20.172	-24.953	63.894	SomMot
199	7Networks_RH_SomMot_26	#4683bb	16.900	-13.845	69.005	SomMot
200	7Networks_RH_SomMot_27	#4683bc	13.068	-39.282	74.829	SomMot
201	7Networks_RH_SomMot_28	#4684b5	12.299	-31.815	70.561	SomMot
202	7Networks_RH_DorsAttn_Post_1	#00770a	46.010	-54.460	-12.866	DorsAttn
203	7Networks_RH_DorsAttn_Post_2	#00770b	56.431	-54.723	-1.091	DorsAttn
204	7Networks_RH_DorsAttn_Post_3	#00770c	49.182	-55.137	11.413	DorsAttn
205	7Networks_RH_DorsAttn_Post_4	#00770d	34.797	-64.418	41.988	DorsAttn
206	7Networks_RH_DorsAttn_Post_5	#00770e	48.349	-37.105	45.900	DorsAttn
207	7Networks_RH_DorsAttn_Post_6	#007710	50.690	-26.455	41.405	DorsAttn
208	7Networks_RH_DorsAttn_Post_7	#007711	27.164	-63.980	39.848	DorsAttn
209	7Networks_RH_DorsAttn_Post_8	#007712	37.739	-42.365	42.211	DorsAttn
210	7Networks_RH_DorsAttn_Post_9	#007713	36.688	-33.990	42.575	DorsAttn
211	7Networks_RH_DorsAttn_Post_10	#007714	18.410	-69.474	53.756	DorsAttn
212	7Networks_RH_DorsAttn_Post_11	#007715	33.312	-50.135	47.896	DorsAttn
213	7Networks_RH_DorsAttn_Post_12	#007716	26.271	-57.236	56.583	DorsAttn
214	7Networks_RH_DorsAttn_Post_13	#00780f	9.191	-55.271	59.973	DorsAttn
215	7Networks_RH_DorsAttn_Post_14	#007810	20.071	-49.461	65.738	DorsAttn
216	7Networks_RH_DorsAttn_FEF_1	#01760f	35.409	-3.965	49.549	DorsAttn
217	7Networks_RH_DorsAttn_FEF_2	#017610	23.234	5.212	53.221	DorsAttn
218	7Networks_RH_DorsAttn_FEF_3	#017611	24.755	-11.698	60.410	DorsAttn
219	7Networks_RH_DorsAttn_PrCv_1	#017612	47.726	6.781	24.928	DorsAttn
220	7Networks_RH_SalVentAttn_TempOccPar_1	#c53afa	53.173	-44.673	10.867	SalVentAttn
221	7Networks_RH_SalVentAttn_TempOccPar_2	#c53afc	63.127	-33.564	23.855	SalVentAttn
222	7Networks_RH_SalVentAttn_TempOccPar_3	#c53afd	50.912	-30.434	26.877	SalVentAttn
223	7Networks_RH_SalVentAttn_TempOccPar_4	#c53afe	59.862	-20.705	27.002	SalVentAttn
224	7Networks_RH_SalVentAttn_TempOccPar_5	#c53aff	61.246	-29.235	38.695	SalVentAttn
225	7Networks_RH_SalVentAttn_PrC_1	#c53bfb	47.461	2.972	40.837	SalVentAttn
226	7Networks_RH_SalVentAttn_FrOperIns_1	#c53bfa	39.247	2.812	-12.365	SalVentAttn
227	7Networks_RH_SalVentAttn_FrOperIns_2	#c53bfc	39.530	-11.377	-3.782	SalVentAttn
228	7Networks_RH_SalVentAttn_FrOperIns_3	#c53bfd	35.685	21.111	6.147	SalVentAttn
229	7Networks_RH_SalVentAttn_FrOperIns_4	#c53bfe	37.615	4.326	10.345	SalVentAttn
230	7Networks_RH_SalVentAttn_FrOperIns_5	#c53bff	50.264	5.077	4.928	SalVentAttn
231	7Networks_RH_SalVentAttn_FrOperIns_6	#c234fa	51.509	13.647	15.248	SalVentAttn
232	7Networks_RH_SalVentAttn_Med_1	#c439f8	8.886	6.283	41.283	SalVentAttn
233	7Networks_RH_SalVentAttn_Med_2	#c439fa	9.081	-17.850	40.869	SalVentAttn
234	7Networks_RH_SalVentAttn_Med_3	#c439fb	13.929	-34.666	43.057	SalVentAttn
235	7Networks_RH_SalVentAttn_Med_4	#c439fc	11.888	-36.794	52.585	SalVentAttn
236	7Networks_RH_SalVentAttn_Med_5	#c439fd	7.114	-3.999	62.262	SalVentAttn
237	7Networks_RH_SalVentAttn_Med_6	#c439fe	16.808	1.825	67.692	SalVentAttn
238	7Networks_RH_Limbic_OFC_1	#dcf9a5	13.105	26.368	-20.146	Limbic
239	7Networks_RH_Limbic_OFC_2	#dcf9a6	25.426	21.406	-19.000	Limbic
240	7Networks_RH_Limbic_OFC_3	#dcf9a7	4.069	24.301	-22.843	Limbic
241	7Networks_RH_Limbic_OFC_4	#dcf9a8	10.560	49.541	-21.454	Limbic
242	7Networks_RH_Limbic_TempPole_1	#dcf9a4	38.035	-0.271	-42.779	Limbic
243	7Networks_RH_Limbic_TempPole_2	#dcf9a9	31.013	10.575	-36.123	Limbic
244	7Networks_RH_Limbic_TempPole_3	#dcf9aa	26.696	-10.022	-32.549	Limbic
245	7Networks_RH_Limbic_TempPole_4	#dcf9ab	52.378	-17.465	-30.781	Limbic
246	7Networks_RH_Limbic_TempPole_5	#dcf9ac	41.845	-19.744	-25.379	Limbic
247	7Networks_RH_Limbic_TempPole_6	#dcfaa5	45.619	7.461	-15.385	Limbic
248	7Networks_RH_Cont_Par_1	#e69323	57.362	-40.376	36.386	Cont
249	7Networks_RH_Cont_Par_2	#e69324	49.036	-45.417	42.715	Cont
250	7Networks_RH_Cont_Par_3	#e69325	40.232	-55.545	44.710	Cont
251	7Networks_RH_Cont_Temp_1	#e69322	59.318	-35.758	-15.424	Cont
252	7Networks_RH_Cont_PFCv_1	#e59423	32.202	23.036	-6.723	Cont
253	7Networks_RH_Cont_PFCl_1	#e5941d	30.122	41.163	-12.325	Cont
254	7Networks_RH_Cont_PFCl_2	#e5941e	21.596	61.122	-6.180	Cont
255	7Networks_RH_Cont_PFCl_3	#e5941f	41.016	49.394	-5.558	Cont
256	7Networks_RH_Cont_PFCl_4	#e59420	28.557	54.315	7.397	Cont
257	7Networks_RH_Cont_PFCl_5	#e59422	40.025	40.895	10.378	Cont
258	7Networks_RH_Cont_PFCl_6	#e59424	45.164	29.654	21.666	Cont
259	7Networks_RH_Cont_PFCl_7	#e59425	34.073	41.175	25.398	Cont
260	7Networks_RH_Cont_PFCl_8	#e59426	25.722	47.731	25.489	Cont
261	7Networks_RH_Cont_PFCl_9	#e59427	37.766	16.440	28.089	Cont
262	7Networks_RH_Cont_PFCl_10	#e59428	36.904	30.289	36.125	Cont
263	7Networks_RH_Cont_PFCl_11	#e59521	40.445	16.014	44.217	Cont
264	7Networks_RH_Cont_PFCl_12	#e59522	30.753	14.417	51.346	Cont
265	7Networks_RH_Cont_pCun_1	#e59323	15.045	-68.948	37.704	Cont
266	7Networks_RH_Cont_pCun_2	#e59324	7.854	-65.285	48.968	Cont
267	7Networks_RH_Cont_Cing_1	#e59322	6.194	-28.212	28.330	Cont
268	7Networks_RH_Cont_Cing_2	#e59325	3.766	-3.533	31.372	Cont
269	7Networks_RH_Cont_PFCmp_1	#e69425	8.991	27.487	29.603	Cont
270	7Networks_RH_Cont_PFCmp_2	#e69426	6.595	15.114	52.940	Cont
271	7Networks_RH_Default_Par_1	#cd3e4c	51.922	-45.133	24.437	Default
272	7Networks_RH_Default_Par_2	#cd3e4e	50.765	-53.527	24.063	Default
273	7Networks_RH_Default_Par_3	#cd3e4f	44.507	-68.472	25.953	Default
274	7Networks_RH_Default_Par_4	#cd3e50	46.413	-63.818	39.155	Default
275	7Networks_RH_Default_Par_5	#cd3e51	51.786	-52.818	39.351	Default
276	7Networks_RH_Default_Temp_1	#cd3d4d	47.120	11.743	-30.668	Default
277	7Networks_RH_Default_Temp_2	#cd3d4f	58.882	-10.389	-20.190	Default
278	7Networks_RH_Default_Temp_3	#cd3d50	51.752	-4.276	-13.318	Default
279	7Networks_RH_Default_Temp_4	#cd3d51	47.987	-21.301	-7.227	Default
280	7Networks_RH_Default_Temp_5	#cd3d52	61.925	-31.660	-4.170	Default
281	7Networks_RH_Default_Temp_6	#cd3d53	47.690	-34.146	1.933	Default
282	7Networks_RH_Default_PFCv_1	#cd3d4e	42.883	29.179	-13.698	Default
283	7Networks_RH_Default_PFCv_2	#cd3d54	48.651	31.655	-1.496	Default
284	7Networks_RH_Default_PFCv_3	#cd3e4d	52.667	25.819	8.637	Default
285	7Networks_RH_Default_PFCdPFCm_1	#cc3e4b	6.014	38.321	-9.782	Default
286	7Networks_RH_Default_PFCdPFCm_2	#cc3e4c	8.069	63.022	-3.942	Default
287	7Networks_RH_Default_PFCdPFCm_3	#cc3e4d	10.854	42.531	6.422	Default
288	7Networks_RH_Default_PFCdPFCm_4	#cc3e4f	16.382	62.661	18.082	Default
289	7Networks_RH_Default_PFCdPFCm_5	#cc3e50	7.662	52.978	19.080	Default
290	7Networks_RH_Default_PFCdPFCm_6	#cc3e51	4.823	23.516	22.189	Default
291	7Networks_RH_Default_PFCdPFCm_7	#cc3e52	17.052	44.610	40.528	Default
292	7Networks_RH_Default_PFCdPFCm_8	#cc3e53	6.515	36.355	42.750	Default
293	7Networks_RH_Default_PFCdPFCm_9	#cc3e54	23.069	26.656	43.681	Default
294	7Networks_RH_Default_PFCdPFCm_10	#cc3e55	13.796	20.661	59.737	Default
295	7Networks_RH_Default_pCunPCC_1	#cc3e4e	9.203	-50.802	8.147	Default
296	7Networks_RH_Default_pCunPCC_2	#cc3f4d	17.855	-57.826	20.055	Default
297	7Networks_RH_Default_pCunPCC_3	#cc3f4e	5.351	-51.907	25.747	Default
298	7Networks_RH_Default_pCunPCC_4	#cc3f4f	5.225	-37.302	36.612	Default
299	7Networks_RH_Default_pCunPCC_5	#cc3f50	8.469	-55.786	37.774	Default
300	7Networks_RH_Default_pCunPCC_6	#cc3f51	8.318	-48.979	45.608	Default
